idbel_white,fullname_white,belrating_white,result,idbel_black,fullname_black,belrating_black
50086,"Beukema, Jasper",2324,0-1,70092,"Gurevich, Mikhail",2555
17720,"Sochacki, Christophe",2461,1-0,28436,"Decrop, Benjamin",2204
1759,"Bouhallel, Rabah",2237,½-½,50211,"Marechal, Andy",2317
14849,"Sochacki, Wojtek",2324,1-0,43648,"Timmerman Gert, Jan",2188
76368,"Roger, Mehdi",2121,1-0,76929,"Denayer, Eric",2131
50474,"Werner, Ivan",2072,0-1,28908,"Decrop, Hendrik",2048
22764,"Peeren, Yen",2124,1-0,63011,"Uhoda, Philippe",2046
86215,"Geuquet, Michaël",1987,0-1,30805,"Cocquyt, Tijs",2095
49301,"Dgebuadze, Alexandre",2432,0-1,75515,"Åkesson, Ralf",2402
24765,"Sirosh, Ilja",2368,0-1,24764,"Pham, Khoi",2361
17438,"Matnadze, Ana",2402,½-½,23108,"Goossens, Roel",2370
15269,"Dauw, Sterre",2247,0-1,26763,"Muetsch, Annmarie",2230
14781,"Blom, Vincent",2332,½-½,6084,"Praet, Maarten",2233
16365,"Tonoli, Benjamin",2181,½-½,50251,"Grochal, Joey",2280
12850,"Stange, Sven",2159,½-½,32328,"Verheyden, Jonas",2108
56332,"Van Espen, Eddy",2039,0-1,23436,"Elgersma, Onno",2265
16505,"Beerdsen, Thomas",2520,½-½,60243,"Burg, Twan",2531
19579,"Nagy, Gabor",2461,½-½,19800,"Zwirs, Nico",2443
24682,"Roebers, Eline",2419,1-0,23240,"Galyas, Miklos",2472
24981,"Berczes, David",2440,0-1,49921,"Beukema, Stefan",2440
13376,"De Waele, Warre",2289,½-½,27455,"Niermann, Tristan",2388
5584,"Lemmers, Oscar",2352,½-½,21345,"Van Dael, Siem",2290
10284,"Sterck, Arno",2257,1-0,14131,"Harff, Marcel",2309
345,"Meessen, Rudolf",2159,0-1,10670,"De Feijter, Bas",2207
12330,"Zelbel, Patrick",2466,1-0,99627,"Ikonnikov, Vyacheslav",2467
15782,"Lopez, Jasel",2395,½-½,43427,"Levin, Felix",2450
96784,"Hausrath, Daniel",2442,1-0,5142,"Wunnink, Michael",2252
52191,"Bezemer, Arno",2231,0-1,12332,"Milov, Leonid",2425
91367,"Gulbas, Cemil",2364,1-0,19872,"Visser, Henk-Jan",2224
24601,"Groffen, Hans",2071,½-½,61891,"Balduan, Markus",2314
95074,"Litwak, Aleksej",2292,½-½,26638,"Ghysels, Chris",2049
38342,"Galle, Andre",2013,0-1,73270,"Lafosse, Jimmy",2217
17626,"Kuipers, Stefan",2448,1-0,78794,"Bauer, Christian",2590
19637,"Fernandez, Daniel Howard",2518,1-0,17529,"Baselmans, Luuk",2338
56863,"De Strycker, Nathan",2273,0-1,15625,"Pijpers, Arthur",2465
44504,"Van Der Stricht, Geert",2333,½-½,11532,"Colijn, Stefan",2251
17532,"Baselmans, Sam",2220,0-1,21132,"Ruzhansky, Elias",2247
20354,"Draftian, Ashote",2278,0-1,67946,"Boeykens, Marc",2138
13707,"Butzen, Robin",2052,0-1,26876,"Polak, Alexander",2185
35572,"Vanheirzeele, Daniel",2049,1-0,15824,"Lagendijk, Ivo",1802
71757,"Godart, François",2376,0-1,15046,"Ernst, Sipke",2539
35181,"Leenhouts, Koen",2446,1-0,3003,"Lenaerts, Lennert",2338
26836,"Kollen, Zyon",2343,0-1,10832,"Maerevoet, Sim",2406
10391,"Geirnaert, Steven",2429,1-0,10483,"Fontaine, Quentin",2321
39012,"Sarrau, Jelle",2352,½-½,27448,"Motwani, Paul",2413
10270,"De Schampheleire, Glen",2375,½-½,21157,"Sidiropoulos, Nikolaos",2210
26848,"Bashylina, Luisa",2151,1-0,51861,"Piceu, Tom",2309
16911,"Vantorre, Nils",2079,½-½,19806,"Maltezeanu, Stefan",2099
11001,"Miesen, Fabian",2208,½-½,27001,"Barseghyan, Harutyun",2428
12802,"Godry, Clément",2079,0-1,23779,"Simenon, Jozef",2217
11486,"Mengerink, Ynze",2074,0-1,27381,"Degardin, Sylvain",
27248,"Ellis, Antoine",2083,1-0,16529,"Bachaus, Sander",1979
11986,"De Mon, Gino",1974,0-1,27274,"Markuszewski, Maksymilian",2062
60517,"Marchal, Laurent",1880,1-0,10537,"Merx, Bob",1963
30384,"De Cauter, Wolfgang",1949,½-½,93084,"Franc, Emmanuel",2051
90883,"De Noose, Daniel",1843,0-1,21219,"De Vries, Leon",1926
63819,"Peek, Maurice",2385,½-½,57533,"Verstraeten, Rein",2374
10942,"Pirard, Natan",2244,1-0,1031,"Gijsen, Stief",2229
2623,"Maes, Thomas",2221,1-0,17116,"Ponnet, Hendrik",2288
10978,"Verheyen, Olivier",2148,½-½,5606,"Swijsen, Lars",2148
16824,"Govoreanu, Matei",1956,½-½,15850,"Verboven, Wout",2062
10546,"Van Den Bosch, Arno",2028,1-0,11619,"Bellens, Steven",2018
34614,"Van Dyck, Marc",1991,0-1,13279,"De Witte, Stein",1864
15556,"Gommers, Tijn",1662,1-0,11373,"Vanlommel, Maxim",1847
14386,"Follesa, Enrico",2174,1-0,73296,"Herman, Jean",2254
80209,"Mastalerz, Xavier",2232,1-0,6815,"Verhaeren, Gertjan",2107
14606,"Zouaghi, Amir",1994,½-½,70823,"Wantiez, Fabrice",2230
61069,"Brasselle, André",1880,0-1,19720,"Liessens, Tom",1857
59544,"Lacrosse, Marc",2059,½-½,89711,"Pierard, Florian",2059
81981,"Lui, Eric",1964,½-½,5827,"Vincent, Gwijde",1882
47490,"Kegels, Kristof",1830,1-0,61301,"Wattin, Joffrey",1888
79774,"Colilli, Lorenzo",1741,½-½,26271,"Vincent, Ayla",1750
17648,"Anciaux, Adrien",2279,1-0,25909,"Roessler, Eckhard",2193
10653,"Roessler, Nicolas",2022,0-1,12756,"Dallemagne, Maximilien",2129
87921,"Iolis, Oleg",2189,1-0,15555,"Plumanns, Dieter",2073
13936,"Laurent, Yann",1812,0-1,79294,"Depauw, Christian",2064
92894,"Anciaux, Marc",2063,1-0,13554,"Schillings, Peter",1866
15681,"Alexopoulos, Spiros Orestis, Dr",1865,½-½,1473,"Verhaegen, Albert",2020
19476,"Miulescu, Gabriel",1986,0-1,10659,"Roessler, Christian",1618
23089,"Cormann, Gary",1589,0-1,70602,"Bouchat, Xavier",1870
20540,"Hauchamps, Maxime",2247,1-0,61913,"Buscher, Michael",2315
71790,"Noiroux, Kevin",2186,0-1,86495,"Geenen, Marc",2213
61328,"Bauduin, Étienne",2196,½-½,63053,"Memeti, Kastriot",2151
62600,"Munster, Pierre",2039,0-1,12804,"Fayard, Alain",2155
20846,"Raptis, Filippos",2015,1-0,63185,"Nauts, Patrick",2023
85341,"Gheury, Jean-Marie",1806,0-1,74365,"De Villers, Mourad",2180
60861,"Van Uytven, Eric",2062,1-0,12189,"Kreczman, Savinien",1619
25638,"Latour, Quentin",1535,0-1,15150,"Soubirou, Oriane",2062
17715,"Rusev, Rosen Yordanov",2331,½-½,67008,"Saiboulatov, Daniyal",2358
70564,"Eliet, Nicolas",2314,½-½,12054,"Tomov, Georgi",2270
95672,"Wiley, Tom",2143,1-0,74853,"Sclacmender, Julien",2217
64637,"Marte, Sébastien",2156,½-½,81558,"Hoffmeister, Frank",2165
17595,"Perez De Aranda A., Leonardo I.",2117,½-½,87408,"Jamar, Vadim",2047
22966,"De Heug, Andrea",1901,½-½,18047,"Ouaki, Mark",2104
87548,"Suskovic, Matija",2092,1-0,54810,"Piacentini, Claudio",2061
10554,"Delescaille, Laurent",1822,0-1,26343,"Wahlund, Max",2002
52795,"Faure, Stéphane",2031,½-½,13668,"Froeyman, Helmut",2301
69329,"Sadkowski, Daniel",2217,1-0,16319,"Zotikishvili, Dimitri",2023
45608,"Decrop, Ruben",1980,1-0,21174,"Prudlo, Simon",2154
14354,"Van Mechelen, Jan",2149,0-1,12831,"Pincket, Michael",1883
8001,"Pincket, Thomas",1856,0-1,25763,"Penson, Thierry",2146
53589,"Tolk, Pieter",2087,1-0,20516,"Vanmassenhove, Frederik",1838
59111,"Wyntin, Dag",1875,1-0,23532,"Eerens, Pim",2048
6858,"Schuermans, Robert",2075,½-½,21329,"Benredouane, Ilies",1775
18066,"Wemmers, Xander",2356,1-0,22543,"Hamblok, Roel",2250
14279,"Rogge, Parcival",2239,½-½,12899,"Ismail, Tamer",2149
15742,"Cornelisse, John",2137,1-0,10934,"Van Malder, Dries",2197
10816,"Boudry, William",2114,1-0,11501,"Veltkamp, Gerben",2090
22586,"Haberkorn, Danny",2066,0-1,14625,"De Rycke, Tyani",2026
33570,"Verhelst, Joris",2077,0-1,22632,"Pieters, Frederik",2019
26499,"Titus, Branco",2012,0-1,38253,"De Bock, Lennart",2052
10967,"Decruyenaere, Robbert",1967,1-0,9971,"Segarra Gonçalves, Jorge",1988
12445,"Raats, Joppe",2137,½-½,27453,"Garrido Dominguez, Jesus",2412
12255,"Rihouay, Clément",2241,½-½,16951,"Allaert, Dimitri",2200
38270,"Barbier, Wim",2089,1-0,1686,"De Wit, Michel",2130
27457,"Pascual Palomo, Lucia",2100,1-0,14108,"Goddé, Matthias",2039
36323,"Gooris, Jan",2082,½-½,841,"Tonoli, Walter",2142
24731,"Van Batenburg, Mees",2080,½-½,29424,"Decoster, Sam",2045
12997,"De Bock, Thijs",2028,1-0,12278,"Spaan, Nathanael",2110
67032,"Draidi, Ahmed",2011,0-1,20065,"Cuyvers, Jens",1835
17843,"Van Volsem, Merlijn",2194,1-0,1988,"Van Cappellen, Jonas",2248
50075,"Goossens, Hanne",2172,0-1,16868,"Victor, Julian",2108
15179,"De Reese, Elias",1968,1-0,11030,"De Block, Yordi",2103
48569,"Rogiers, Jan",2139,0-1,14603,"Vanduyfhuys, Igor",1912
16865,"De Geest, Hannes",1968,½-½,26972,"Versyck, Dominique",2057
1929,"Van De Perre, Tom",2042,½-½,24922,"Jabandzic, Irfan",1995
51161,"Secelle, Hans",2024,0-1,11034,"De Block, Fabio",2020
33481,"Meskens, Stephan",1888,½-½,9679,"Van De Wynkele, Rudy",1883
25153,"Kryvolapov, Konstiantyn",2355,1-0,92479,"Robert, Pierre",2055
12277,"Hoffmann, Max",2095,0-1,12424,"De Wachter, Matthias",2313
34525,"Mangelschots, Peter",2070,½-½,25186,"Thiteca, Thierry",2069
72435,"Demoulin, Joachim",2049,½-½,11343,"Verhasselt, Karsten",2024
23981,"Van Der Fraenen, Joep",2033,0-1,17420,"Vos, Rik",1969
85375,"Vanmuylder, Dany",1965,0-1,52469,"Vercammen, Robert",1947
25157,"Kryvolapova, Olena",1941,½-½,60319,"Czuczai, Jeno",1945
50571,"Jacobs, Antoine",1893,1-0,13315,"Deweerdt, Jan",1968
11118,"Roos, Adrian",2257,1-0,34738,"Boucquet, Emile",2207
51764,"Verduyn, Frederic",2132,0-1,14078,"Dreelinck, Adriaan",2172
14086,"Dreelinck, Jacob",2096,1-0,40461,"De Vogelaere, Robin",2114
20141,"Vandendriessche, Jan",2111,½-½,4936,"Ghyselen, Wouter",2113
11789,"Roos, David",2089,½-½,14068,"Nemegeer, Arne",2093
31518,"Barbier, Astrid",1906,1-0,23841,"Colin, Peter",1973
25933,"De Weird, Matthias",1999,½-½,85081,"Barzeele, Raf",1865
16017,"Meysman, Kaito",1814,1-0,10045,"Van Parys, Nikita",1806
56740,"De Vos, Nils",2278,½-½,12885,"Kalle, Erwin",1977
28240,"De Smedt, Mark",1974,0-1,13488,"Schroer, Marcel",2122
21814,"De Weerd, Jan",2072,1-0,12370,"Osinga, Angelique",1935
51195,"De Hert, Oliver",1919,0-1,27200,"Ercan, Selman",2026
14273,"Surmont, Yves",1868,1-0,14341,"Van Der Graaf, André",1879
98402,"Geylen, Leo",1610,1-0,50069,"Leyssens, Bas",1835
49069,"Docx, Stefan",2449,1-0,8834,"Boodts, Jeroen",1921
77151,"Hertecant, Steve",1759,0-1,52507,"Dijkstra, Bart",2088
37796,"Lavrenov, Yuli",2037,½-½,41904,"Londers, Jan",1786
21436,"Veldeman, Sieben",1764,0-1,20818,"Logie, Dimitri",2014
3131,"Engelen, Joseph",2018,1-0,17445,"Pauwels, Fons",1502
4049,"Vangeel, Didier",1629,½-½,15041,"Schrickx, Frank",1857
10397,"Lee, Deon",2127,1-0,12467,"Dijckmans, Bjorn",2181
45284,"Kegels, Pascal",2082,1-0,42153,"Dierckens, Sarah",1919
29912,"Cliteur, Olaf",1913,½-½,79324,"Caluwe, Marc",2061
7404,"De Jonghe, Peter",2001,0-1,16085,"Vranckx, Jonas",1849
26591,"Melaerts, Vincent",0,1-0,29149,"Verwimp, Gery",1965
19704,"Van Landeghem, Peter",1933,1-0,42871,"De Winter, Kevin",1707
10421,"Schrevens, Birger",2149,½-½,26824,"Schoemans, Roy",2259
10785,"Van Kessel, Wessel",2154,½-½,22471,"Van Ael, Bert",1933
10561,"Van Aken, Koen",1919,½-½,11483,"Schenning, Albert",2014
24548,"Jashchenko, Vladimir",2005,1-0,93637,"Schurins, Thomas",1850
9342,"De Bouver, Guido",1773,0-1,22721,"Geboers, Jimmy",1874
13290,"Ooms, Bram",1374,½-½,19897,"Ghisa, Alexander",1509
39063,"Schalkx, Johnny",2124,½-½,30970,"Schittekat, Bart",2106
45357,"Ongena, Niels",2030,0-1,20745,"Krygelmans, Johan",2056
80985,"Versporten, Wim",1970,½-½,26611,"Verbeeren, Peter",1966
33014,"Van Der Stricht, Jan",1879,½-½,35491,"Mauquoy, Alain",1951
35564,"Van Hoecke, Luc",1970,1-0,34631,"Elsen, Tijs",1723
25722,"De Blieck, Kasper",0,1-0,22659,"Roels, Frederik",1842
28533,"Boons, Patrick",1994,½-½,22616,"Talon, Alain",2075
26603,"T'Sas, Jan",2011,1-0,11894,"Verschoren, Bram",1975
47414,"Paesschesoone, Stefan",1911,0-1,39462,"Hautekiet, Dries",2027
57169,"Verhulst, Nikolaas",2009,1-0,58335,"Schillemans, Willy",1810
10207,"Verbruggen, Peter",1642,0-1,54771,"De Kaey, Pascal",1943
68861,"Broekmans, Patrik",1802,1-0,52299,"Buytaert, Michael",1594
75655,"Cekro, Ekrem",2369,1-0,90751,"Sneppe, Herman",1936
83089,"Hock, Diego",1830,0-1,70653,"Le Quang, Kim",2282
95702,"Lipman, Peter",2023,1-0,17817,"De True, Toon",1823
42161,"Courteyn, Patrick",1901,1-0,15631,"Aguilar, Luciano",1932
22648,"Toledo, Hillel",1772,1-0,19135,"Flamee, Dirk",1610
17726,"Mohanadnoori, Aymen",1525,0-1,18882,"Perez-Derozier, Nicolas",1652
48241,"Noseda, Jean-Michel",2048,1-0 FF,17296,"Maltier, Benjamin",2074
12806,"Godry, Adelin",2042,½-½,72516,"Tannemaat, Stéphane",2019
75558,"Ahmetaj, Rasim",1937,1-0,82376,"Denivet, Axel",1880
16714,"Vertenoeil, Tom",1807,½-½,40924,"Grodent, Gérald",1875
92312,"Macai, Ioan",1813,0-1,57959,"Pegoretti, Franco",1841
65153,"Dewinck, Bernard",1665,0-1,16456,"Dumoulin, Michel",1613
20621,"Vanderwaeren, Serge",2074,0-1,34380,"Gregoir, Christophe",2252
17183,"Hugaert, Arthur",2170,½-½,42706,"Van Hoofstat, Tom",2065
29343,"Spaens, Kjell",2011,½-½,9156,"Zouaghi, Nouri",2177
36897,"Windels, Jan",2011,1-0,62766,"Verrijken, Geert",1998
9954,"Lot, Diederik",1964,1-0,31755,"Regniers, Yves",1982
27961,"Devolder, Dieter",1981,1-0,21881,"Denys, Frank",1921
66681,"Callier, Christophe",1981,0-1,31267,"Duhayon, Yves",2150
9245,"Luminet, Denis",2139,½-½,97109,"Paul, Bernard",1862
25386,"Khanalizadeh, Ahmad",1889,½-½,35271,"Kerkhof, Philippe",2197
45110,"Laurent, Michel",2043,1-0,98556,"Englebert, Roger",1923
97101,"Caels, Viviane",1876,1-0,27217,"Andreoli, Giorgio",2026
20183,"Sarkisian, Arman",2024,1-0,87823,"Silovy, Alain",1739
20531,"Vandenhole, Kobe",1945,½-½,69892,"Watelet, Sylvain",1932
13384,"Duringer, Valentin",1995,0-1,11023,"Roelandt, Andreas",1970
32913,"Willockx, Ritsaart",1941,0-1,50117,"Haak, Tillmann",1936
14768,"Pleysier, Simon",1951,½-½,9725,"Vanhee, Freddy",1866
14213,"Dobbelaere, Dieter",1798,½-½,19670,"Nicolas, Pierre",1896
85103,"Onrubia-Aviles, Carlos",1855,1-0,11017,"Carrijn, Bart",1760
50293,"Mueller, Martin",2105,½-½,84841,"Marlier, Gaetan",2065
20700,"Delbergue, Mossab",1824,½-½,10739,"Moles Palleja, Pere",2103
25102,"Perez Bolanos, Joel",2055,1-0 FF,82945,"Bousmanne, Christophe",1704
23066,"Franc, Thomas",1617,½-½,25094,"Perez Bolanos, David",2071
60503,"Bertram, Johannes",1931,0-1,82571,"Charlier, Laurent",1750
26953,"Descamps, Julien",0,½-½,12300,"Parreira, Luis Miguel",1748
50013,"Chaerle, Josse",2045,0-1,27111,"Goossens, Xavier",2009
23434,"Verbruggen, Samuel",1921,1-0,10030,"Vandamme, Florian",2028
12290,"Carpentier, Jannes",1988,1-0,8273,"Danckaert, Luc",1921
25518,"Philips, Richard",1913,½-½,12947,"Segers, Regis",2001
5011,"Vanroose, Christiaan",1775,1-0,27693,"Vander Cruyssen, Piet",1893
44539,"Philips, Ivo",1811,0-1,45144,"Vanroose, Sibran",1711
77267,"Coucke, Bart",2006,0-1,16881,"Musabayeva, Diana",1832
18465,"Cuvelier, Annelies",1881,1-0,10880,"Vandenbussche, Johan",1757
21261,"Deleu, Gilles",1470,0-1,14898,"Cappan, Pjotr",1798
15721,"Malfliet, Alexander",1827,1-0,30988,"De Brouwere, Johan",1636
15387,"Vanhaverbeke, Daan",1597,0-1,10937,"Van Malder, Klaus",1843
16320,"Decraene, Lotus",1445,1-0,96469,"Stragier, Dries",1525
50881,"Tiggelman, Rene",2201,1-0,16873,"Pouleyn, Floris",1903
14269,"De Fré, Hannes",1866,0-1,10283,"Van Houtte, Randy",2101
43257,"Ramacker, Quinten",2058,1-0,11886,"Vercruysse, Vincent",1891
24988,"Van Hoecke, Elena",1774,0-1,11927,"Pauwels, Xander",2023
9253,"Van De Velde, Koen",2062,1-0,14276,"Sleypen, Maxim",1695
23613,"Everaert, Frederic",1646,1-0,21938,"Demunck, Jan",2007
6653,"Maddens, Martijn",2124,1-0,24747,"Dupont, Arthur",2045
74926,"Minet, Julien",1931,0-1,16195,"Feys, Bert",2151
13263,"Bleys, Michiel",2110,1-0,12315,"Boudrenghien, Francois",1935
19840,"Stevens, Christian",1922,½-½,14206,"Keirse, Steven",1933
21127,"Polin, Giulia",1792,0-1,17696,"Naudin, Yvan",1877
71137,"Drossart, Jonathan",1743,1-0,11450,"Petralia, Fabio",1663
11412,"Tomme, Lowie",2136,½-½,16179,"Plomp, Micha",2150
30732,"Achtergaele, Koen",2055,1-0,876,"De Schepper, Bart",1932
19023,"Dewever, Niel",1776,½-½,10184,"Thienpondt, Mardoek",2033
40568,"Willen, Benny",2013,1-0,50679,"Pollet, Pepijn",1873
65978,"Bossuyt, Herman",1692,0-1,13352,"Vanacker, Jeroen",1689
27417,"Gijsbers, Bert",0,1-0,24807,"Michonski, Konrad",1474
14374,"Aït Chaouche, Samy",2099,1-0 FF,36277,"Larsen, Harald",1976
12523,"Piceu, Jarid",1947,½-½,17786,"Gozzoli, Cyrille",2092
25009,"Nguyen, Noam",1970,½-½,18195,"Dutré, Wonder",1906
19360,"Van Coppenolle, Lander",1885,1-0,79316,"Hias, Ludovic",2043
13586,"Marciniak, Marcel",1880,½-½,10004,"Pu, Linden",1904
34037,"De Bisscop, Maxim",1839,1-0,81523,"Hannecart, Marc",1797
14231,"Theunissen, Kris",2061,½-½,81604,"Guion, Geoffrey",1997
69744,"Andre, Damien",1964,0-1,44041,"Grecuccio, Nicola",2141
10474,"De Coninck, Erik",2036,0-1,18009,"Piraprez, Charles",1824
22694,"Vansilliette, Louis",1650,1-0,31879,"Kocur, Johan",1989
35645,"Cornelius, Jörg",1949,1-0,45641,"Mathieu, Alfred",1621
21048,"Van Brussel, Thomas",1307,1-0,48259,"Cillen, Jeroen",1823
56359,"Fogel, Pierre",2073,0-1,15064,"Paes, Martijn",1883
16154,"Peeters, Alex",1881,0-1,95052,"Zamparo, Sergio",2007
97730,"Leemans, Roland",1974,1-0,19723,"Wambecq, Ward",1636
5207,"Heremans, Dries",1755,0-1,50003,"Kolp, Théo",1986
75701,"D'Haijère, Arnaud",1895,½-½,25607,"Wambecq, Sven",1636
10697,"Rits, Beere",1524,1-0,60676,"Rittelmeyer, Yann-Sven",1737
91308,"Hautot, Stéphane",2358,½-½,51837,"Philipsen, Mathias",2234
11221,"Tuerlinckx, Ben",2018,0-1,98663,"Roeder, Matthias",2334
19783,"Gikas, Andreas Basilius",2120,½-½,13330,"Marx, Nicolas",1920
14123,"Hoffmann, Ruben",1896,0-1,19838,"Jansen, Dirk Norbert",2098
10721,"Seibt, Friedebert",1971,1-0,10407,"Bleuzé, Kobe",1876
18503,"Maes, Chris",1804,½-½,14158,"Bode, Dorel-Ion",1887
91553,"Belva, Frédéric",1893,½-½,93815,"Ahn, Martin",2190
17012,"Ahn, Maximilian",1617,½-½,85456,"Dublet, Emilien",1864
92720,"Dumont, Vincent",1740,½-½,15454,"Ahn, Anastasia",1592
19109,"Heiligtag, Matthias",1701,1-0,65722,"Piron, Jean-Marie",1655
10716,"Onbelet, Steve",1646,½-½,16649,"Kauschanski, Nicolas",1384
24868,"Weber, Peter",1339,½-½,68098,"Dubois, Théo",1602
10775,"Juegel, Marcel",2164,0-1,16874,"Van Der Weij, Anton",2099
21771,"Leonel, Davi",1910,0-1,97641,"Vanstreels, Luk",2148
95443,"Gohla, Ulf",2098,1-0,23637,"Nguyen, Khoi",1910
7587,"Van Hul, Christiaan",1963,0-1,13201,"Hammers, Michael",1949
10777,"Jansen, Peter",1871,0-1,8613,"Slootmaekers, Romain",1957
55875,"Hoogstijns, Raf",1995,½-½,10750,"Raygrotzki, Norbert",1838
22370,"Battistelli, Fausto",1885,½-½,60264,"Ancion, Mérowig",2027
14104,"Terwagne, Bertrand",1890,½-½,37176,"Timmermans, Daniel",1817
19650,"Guilfanov, Raphaël",1694,½-½,24793,"Lecoq, Colin",1820
24699,"Evers, Shaman",1754,1-0,60389,"Alessi, David",1829
83178,"Da Ces, Philippe",1940,½-½,79278,"Crahay, Stephane",1897
63339,"Waxweiler, Laurent",1700,0-1,20312,"Docquier, Orville",1754
11210,"Bex, Lennert",2002,1-0,26756,"Karanda, Konstantin",2141
91430,"Rahier, André",1856,½-½,95168,"Verbeek, Geert",1797
40525,"Indemans, Rudi",1789,½-½,91448,"Herzet, Serge",1733
15718,"Dechevres, Nicolas",1294,1-0,18261,"Picard, Hervé",1642
92967,"Pilawski, Stephane",1887,1-0,17684,"Sazonov, Fedor",1874
4537,"Zenuni, Safet",1763,0-1,37401,"Vandecan, Michel",1801
56278,"Tutenel, Erik",1730,½-½,11982,"Van Beylen, Koen",1700
20095,"Jansen, Luc",1591,1-0,60241,"Charles, Freddy",1696
97849,"Kulla, Werner",1961,1-0,99341,"Godesar, Ralph",1909
95010,"Franken, Jean-Claude",1783,½-½,47422,"Zilles, Paul",1705
13024,"Thomas, Walter",1647,½-½,99724,"Nyssen, Christoph",1703
20931,"Delhaes, Guenter",1530,0-1,27242,"Selyshchev, Artem",1384
97136,"Thirion, Marcel",2059,1-0,13276,"Saparbiev, Djambulat",1813
99376,"Havenith, Jean",1715,½-½,91201,"Manne, Jean-Luc",1762
12595,"Cristino, Gregory",1759,1-0,13406,"Abubakirov, Khumid",1465
23771,"Gupta, Akul",1354,0-1,15780,"Cypers, Alexandre",1756
95450,"Rosskamp, Bob",1849,½-½,60397,"Visse, Bernard",1676
85863,"Doubnov, Ilucha",1570,0-1,99945,"Fryns, Patrick",1731
27091,"Hepting, Frank",1635,1-0,23398,"Plunus, Nicolas",1467
23717,"Dumont, Ronan",1310,0-1,27122,"Rosenberg, Thomas",1330
23259,"Agnello, Vasco",1657,1-0,25630,"Rol Cortijo, Pablo",1409
24246,"Sputael, Ludwig",1394,½-½,26092,"Bebronne, Romain",0
97157,"Orban, Didier",1593,½-½,19606,"Dumoulin, Patrick",1346
23114,"Collet, Florian",1317,0-1,27064,"Morvrange, Camille",1487
11510,"Demarré, Jan",1773,½-½,50393,"Dugailliez, Guy",1970
41050,"Bogaerts, Marc",1880,1-0,56294,"Adams, Gert",1799
17825,"Verlinden, Willem",1660,0-1,40363,"Engelaer, Maurice",1868
19849,"Socaciu, Gheorghe",1840,1-0,5525,"Tegenbosch, Dirk",1634
80608,"Aerts, Eric",1940,1-0,15928,"Manueke, Hervano",1348
19230,"Maes, Lander",1421,½-½,25755,"Peleman, Tony",1915
4693,"Mollekens, Roeland",1913,1-0,18979,"De Groof, Mathijs",1232
24462,"Oris, Fenna",0,0-1,884,"Provinciael, Ernest",1902
49387,"Fierens, Steve",2036,0-1 FF,21415,"Nuyens, John",1951
14980,"Hoskens, Fred",1720,½-½,37125,"De Gent, Tom",1789
15431,"Van Der Kelen, Thomas",1708,½-½,10416,"Van de Sande, Jorn",1610
16158,"Roymans, Liese",1476,1-0,21679,"Van Linden, Tony",1693
8974,"Van Wiele, Kurt",1841,½-½,45420,"Vande Velde, Erik",1881
28754,"Van Goethem, Jozef",1819,½-½,19757,"Noens, Yoran",1282
12928,"Boudry, Rik",1472,½-½,33413,"Baelen, Kristof",1786
4626,"De Hert, Robert",1675,0-1,14071,"Laureys, Jo",1347
55964,"Nijssen, Peter",1970,0-1,14567,"Descamps, Stijn",1882
9504,"Lemmens, Philip",1928,1-0,95184,"Gijbels, Rudi",1838
16601,"Huysmans, Quinten",1796,½-½,32344,"Moens, Patrick",1826
21369,"De Roo, Luc",1942,½-½,39373,"Vercauteren, Daniel",1604
47104,"Bes, Nikolaas",1720,1-0,53805,"Verhulst, Tobias",1871
14263,"Van Amerongen, Mart",1764,0-1,51292,"Peeters, Bart",1666
23311,"Guldentops, Pierre",1643,0-1,16115,"De Haeck, Sebastiaan",1728
15048,"Gherbi, Reda",1663,1-0,21041,"Laporte, Erik",1602
34274,"Steenlandt, Alain",1745,½-½,80055,"De Vroe, Philip",1771
19216,"Pauwels, Rudi",1727,½-½,45276,"Tytgat, Karel",1640
12261,"Pierloot, Luc",1624,1-0,3174,"Van Wassenhove, Marc",1777
29271,"Grootaert, Luc",1631,½-½,23118,"Dejonghe, Yannis",1379
32140,"Lepers, Philippe",1708,0-1,6785,"Devolder, Pieter",1797
8222,"Mortier, Johan",1830,0-1,17398,"Malfait, Ward",1684
21843,"Van Keirsbilck, Ilias",1553,1-0,39934,"Deloof, Koen",1658
56553,"Meignen, Gaetan",1647,1-0,10839,"De Wandel, Marc",1456
8320,"Lanckriet, Chris",1905,1-0,9989,"Delafontaine, Brant",1829
10057,"Callens, Freddy",1801,1-0,15132,"De Putter, Sven",1563
16353,"De Putter, Peter",1651,0-1,10542,"Daels, Ilse",1663
10544,"Daels, Emma",1629,½-½,23381,"Frouws, Willem",1628
13162,"Liveyns, Rune",1830,0-1,11669,"Vanhuyse, Nele",2019
11572,"Lenders, Ivan",1905,1-0,13529,"Temmerman, Sara",1799
13522,"Temmerman, Sander",1728,1-0,11541,"De Baets, Christof",1727
24698,"Twechuizen, Benjamin",1685,0-1,23303,"De Meester, Johan",1760
79596,"Clerquin, Constant",1572,0-1,11400,"Verhalle, Elias",1954
44725,"Tollenaere, Bert",1801,½-½,14296,"Lenaerts, Hugo",1395
22060,"Staelens, Maël",1453,½-½,6530,"Coupe, Rudy",1609
15819,"Tempels, Robbe",1307,1-0,77771,"Ghislain, Jean-Pierre",1418
9628,"Passchyn, Maarten",1968,½-½,13196,"Defreyne, Luc",1928
96493,"Stevens, Rene",1790,0-1,12146,"Coucke, Yari",1343
57941,"Lagast, Herve",1902,1-0,73717,"Rogiers, Jonny",1708
28134,"Van Houtte, Filip",1713,0-1,35980,"De Corte, Ronny",1784
72443,"George, Michaël",1877,½-½,22511,"Konidakis, Alex",1696
73695,"Marchiano, Marco",1812,½-½,83275,"Oger, Daniel",1803
73946,"Degembe, Serge",1811,0-1,10295,"Henrotte, Corentin",1845
20412,"Menolascina, Francesco",1650,1-0,24319,"Demeyere, Thomas",1338
17343,"Ognyanov, Michail",1776,½-½,88374,"Lion, Maurice",1837
89516,"Grobelny, Fabrice",1798,½-½,15377,"Delanoeije, Patrick",1916
13286,"Vervaet, Bart",1823,1-0,59722,"Culot, Cédric",1812
13979,"Morici, Alessandro",1609,1-0,15997,"Baert, Bart",1510
34584,"De Reymaeker, Walter",1796,0-1,23129,"Muratet, Lucas",2133
19700,"Carion, Sébastien",1635,1-0,655,"De Bosscher, Peter",1706
76325,"Pletinckx, Eddy",1684,1-0,97781,"De Brouwer, Philippe",1696
85987,"Flabat, Renaud",1455,½-½,76317,"Cornelis, Eric",1650
20249,"Vukojevic, Philippe",1988,1-0 FF,,"--, --",0
,"--, --",0,0-1 FF,48011,"Counet, Jean-Michel",2018
74063,"Dessomme, François",1857,1-0 FF,,"--, --",0
,"--, --",0,0-1 FF,11758,"Vukojevic Ferrari, Viktor",1749
96105,"Dupuis, Cédric",1864,1-0,89575,"Detienne, Stéphane",1888
22967,"Barlow, James",1758,1-0,98919,"Deneyer, Frank",1760
10859,"Luque Joris, Sébastien",1567,½-½,60275,"Lenoir, Thierry",1666
23339,"Fiorini, Lucien",1498,½-½,23300,"Gangai, Luis",1510
14450,"Heldenbergh, Nils",2062,1-0,5720,"Romanelli, Robert",1725
80195,"Auquier, Yvan",1560,½-½,19024,"Morard, Ambroise",1575
17289,"Katumwa, Iko",1464,1-0,50865,"Buyens, Régis",1528
24240,"Vandevannet, Tristan",1540,0-1,25218,"Pham, Cam Ngoc",0
26900,"Gain, Soheil",1806,0-1,18828,"Wuillaume, Nathan",1755
56871,"Castellana, Michaël",1596,1-0,17294,"Abdel-Kafi, Taha",1427
22646,"Toledo, Samuel",1548,½-½,12730,"Meulenyzer, Alan",1615
98146,"Henrotte, Christian",1510,0-1,22749,"Hernandez Morales, Adriel",1335
17256,"Van Praag, Bart",1814,½-½,58548,"Micic, Snezana",2036
86282,"Dethy, David",1963,1-0,23889,"Blanter, Marfa",1743
49506,"Kutlu, Hasan",1768,½-½,39225,"Putnik, Slobodan",1789
16658,"Assaf, Georges",1693,1-0,17346,"Ognyanov, Daniel",1518
42391,"Maes, Tibo",1981,1-0,25174,"Caulier, Marius",1690
60468,"Sohet, Cédric",1662,½-½,72966,"Castelein, Dirk",1921
11132,"Lachaert, Tibo",1913,1-0,25018,"Innocenti, Jean-Dominique",1521
67164,"Rando, Manuel",1517,0-1,23054,"Delens, Yoren",1429
99152,"De Ceukelaire, Gert",1866,1-0 FF,10344,"Van Zeebroeck, Sam",1802
14419,"Valcke, Rudi",1583,½-½,43419,"Maeckelbergh, Geert",1808
353,"Maeckelbergh, Anne-Marie",1718,1-0,16246,"Cotman, Lothar",1432
13052,"Cotman, Dirk",1357,1-0,19643,"Schepens, Aron",1447
23366,"Vreugdenhil, Frans",1899,½-½,70645,"Cappon, Kaan",1745
98412,"Gessis, Stavros",1679,0-1,35394,"Debuck, Valere",1880
53708,"De Saegher, Johan",1848,1-0,60110,"De Harlez, Guillaume",1606
26843,"Fernández Domingos, Elias",0,0-1,50131,"Bajraktari, Sadik",1819
50149,"Ramos Florido, José-Maria",1824,1-0,85472,"Van Bael, Pascal",1587
23288,"Groteclaes, Alexandre",1620,0-1,12256,"Busquets Pérez, Luis",1834
21578,"Busquets Xapelli, David",1316,1-0,23292,"Descamps, Thomas",1502
77828,"Bussola, Eric",1476,1-0,19684,"Grammatikopoulos, Ioannis",0
21218,"Mechkor, Mohamed",1618,1-0,18798,"Coutton, Maxence",1589
25045,"Vanden Eede, Nils",1623,½-½,16259,"Bontemps, Cédric",1464
22147,"Raptis, Olympios",1230,1-0,25065,"Lannoye, Cédric",1334
23003,"Drugmand, Benoît",1699,1-0,24629,"Pranckevicius, Mattias",0
41831,"Lombart, Philippe",1776,1-0,16160,"Rousseau, Christilla",1693
27354,"Stefansson, Benedikt",1531,½-½,8575,"Herman, Luc",1744
86941,"Haulotte, François",1726,1-0,16377,"Simek, Antonia",1562
12735,"Van Hille, Clara",1438,1-0,80918,"Lambert, Michel",1672
32212,"Pelgrims, Jan",1924,0-1,57312,"Lanoye, Regis",1950
14274,"Micciche, Ruben",1743,1-0,11947,"Dehan, Loïc",1911
11319,"Cornille, Yves",1894,0-1,60336,"Soubrier, Aude",1906
66575,"Brion, Sophie",1849,½-½,15005,"Boonen, Maarten",1799
23713,"Van Elsacker, Jasper",1626,½-½,93891,"Vanhamme, Patrick",1795
59382,"Gravidez, Tagumpay",1801,0-1,17669,"Aishajiang, Ehsan",1472
17291,"Abidin, Aysajan",1612,1-0,85031,"Caufriez, Olivier",1794
25844,"Chokouhian, Ahmad",1749,0-1,24398,"De Coninck, Jonathan",1370
10563,"Verbist, Julien",2019,1-0,23041,"Bouquiaux, Julien",1855
16554,"Boshra, Abanoub",1818,0-1,81698,"Nolf, Stephane",2026
76228,"Vanobbergh, Gregory",2042,1-0,23011,"De Saedeleer, Sam",1747
23609,"Baeten, Wim",1612,0-1,22578,"Haber, Jean-Pierre",1921
64386,"Thiry, Jean-Christophe",2022,½-½,21298,"Petrík, Matús",1669
25426,"Borgogni, Angelo",0,0-1,58092,"Delcour, Errol",1754
10712,"Arabia, Allan",1687,1-0,23739,"Sola, Alessandro",1549
24298,"Kaduk Aguilar, Borin",0,1-0,2411,"Remont, Léopold",1730
23489,"Daday, Csaba",1751,½-½,62715,"Moors, Marc",1782
20290,"François, Pascal",1687,0-1,46094,"Vanhouwe, Jiri",1752
16540,"Raman, Simon",1743,1-0,16713,"Serruys, Henri",1635
19691,"De Meyer, Jef",1601,0-1,15806,"Van Dorpe, Filip",1562
34517,"Verschraegen, Thomas",1951,½-½,15783,"Kuszelewski, Artur",1793
24996,"Demont, Yves",1777,0-1,21265,"Hoekstra, Peter",2006
26492,"Van Vliet, Dennis",2058,1-0,17604,"Vanlerberghe, Eddy",1747
45055,"Van Bladel, Erik",1665,0-1,13870,"Lahousse, Wouter",1825
17902,"De Cuyper, Yago",1915,1-0,24422,"Van Noten, Stijn",1796
33138,"Wouters, Maarten",1751,1-0,3531,"Bistiaux, Thomas",1765
23258,"Macquoy, Ruben",1651,1-0,20206,"Smet, Geert",1661
1538,"Persoons, Bart",1681,0-1,23174,"De Coninck, Nelles",1573
24287,"Dechamps, Guido",1866,½-½,18686,"Van Bunderen, Gert",1826
11499,"Boeckx, Ben",1680,½-½,25399,"Burms, Jeroen",1751
24694,"De Rycke, Timothy",1878,1-0,23457,"Hernandez, Miguel",1608
54267,"Liekens, Ronny",1670,½-½,33421,"Zatyko, Ferry",1673
54712,"Janssen, Dries",1902,0-1,13798,"Debucke, Jolan",1723
14985,"De Baets, Keano",1755,1-0,50083,"Vanden Broeck, Jan",1750
11752,"Van Simaeys, Axel",1749,0-1,14992,"De Baets, Branko",1657
22519,"Van Hoorebeke, Jimmy",1733,1-0,24514,"Torfs, Hendrik",0
31143,"Vandevenne, Sander",2131,1-0,46353,"Van Hecke, Jeroen",1779
45501,"Melis, Wout",1777,1-0,50539,"Fleerackers, Willy",2010
13285,"Verrijssen, Patrick",1888,1-0,8991,"Callens, Herman",1638
48151,"Viaene, Jan",1638,½-½,11151,"Van Den Bossche, Gunter",1829
13004,"Poppe, Gaitan",1658,½-½,46639,"Vanhauwaert, Kurt",1741
17628,"Gaelens, Joachim",1573,½-½,51829,"Wollaert, Brian",1588
36366,"Vandevelde, Luc",1472,1-0,22952,"Prins, Ingmar",1550
15007,"Van Doorne, Stijn",1557,1-0,26662,"Vercruyce, Danny",1404
13903,"Hematyar, Fardin",1810,1-0,24466,"Khorrami, Faraz",1716
23071,"Gjymshana, Erik",1575,0-1,51071,"Maas, Joop",1876
13463,"De Pooter, Ronald",1821,½-½,21456,"Decaestecker, Maarten",1561
53538,"Deman, Tomas",1531,0-1,5321,"Sinke, Wim",1870
41254,"Carlier, Sven",1921,½-½,21609,"Mouhsine, Rachid",1759
43044,"De Vrieze, Sander",1809,½-½,13854,"Verlinden, Robijn",1928
22643,"Dhooge, Servaas",1787,½-½,22712,"Busselen, Lucas",1650
17480,"Slodicka, Anton",1260,1-0,8401,"Dhooge, Achiel",1555
23247,"Orban, Pieter-Jan",1581,1-0,8052,"Van Rij, Gert",1818
22161,"Bauwens, Steven",1741,1-0,11711,"Vanden Bossche, Nicolas",1691
15710,"De Rycke, Killian",1466,½-½,21359,"Clarisse, Eric",1732
13899,"Vandevelde, Koen",1716,0-1,21205,"Declerck, Adriaan",1362
12453,"Cappelle, Gert-Jan",1705,1-0,17780,"Plomp, Mateo",1757
16598,"Vandermeulen, Oscar",1514,0-1,10612,"Van Wijnendaele, Jovanni",1701
34011,"De Smet, Frans",1694,½-½,16894,"Burssens, Maya",1410
18157,"Plomp, Luka",1353,1-0,23127,"De Meyer, Nicolas",1615
2127,"Van De Putte, Ben",1677,1-0,14724,"Roose, Casimir",1612
16027,"Gellinck, Simon",1636,½-½,7251,"De Bode, Joren",1628
4707,"Van Driessche, Filiep",1673,0-1,23915,"De Ketelaere, Raphaël",1431
25602,"Litzba, Alexander",0,0-1,26018,"De Weird, Evy",1591
93661,"Moens, Bernard",1604,1-0,26065,"Vienne, Corentin",0
23740,"Bergamini, Massimo",1529,0-1,22801,"Delmee, Pierre",1540
69990,"Lejeune, Samuel",1409,1-0,82457,"Massoulie, Francois",1482
55549,"Castiau, Julien",1489,1-0,50962,"Mariavelle, Roland",1375
24975,"Cazenave, Bruno",0,0-1,17688,"Solis Calancha, Jordi",1554
19635,"Simeons, Jean",1445,½-½,7013,"Van De Craen, Piet",1524
24947,"Wanschoor, Sean",1429,1-0,22200,"Lemesre, Alexis",1248
19930,"Van Nedervelde, Antoine",1150,1-0,16626,"Desadeleer, Geoffrey",1347
23263,"Daems, Thibaut",1434,1-0,23046,"Lunev, Vitaly",1551
23350,"Pierrard, David",1289,0-1,16062,"Pauwels, Wout",1364
15013,"Przybyszewski, Mateusz",0,1-0,26527,"Jijin, Thanmay",0
25773,"Paul, Jonathan",0,½-½,21599,"De Cat, Timo",0
86045,"Herpigny, Yves",1634,0-1,35556,"Cornil, Etienne",1908
68543,"Lemaitre, Didier",1870,1-0,60619,"Padovano, Quentin",1465
23063,"Urbanska Richel, Cassiel",0,½-½,9067,"Fontigny, François",1716
83879,"Lhoir, Thierry",1556,1-0,26465,"Hans, Samuel",0
23555,"Slechten, Tim",1670,½-½,21545,"Gonzalez Alvarez, Thomas",1512
22774,"Caffonnette, Joachim",0,1-0,25047,"Mathys, Yassine",0
25382,"Keppens, James",1454,½-½,23092,"Duvillier, Frederic",1227
26761,"Batista-Genot, Lou",0,0-1,15459,"Talloen, Bert",1394
34045,"Pepermans, Jelle",1687,½-½,21451,"Pereiro, Jorge",1443
58017,"Gatta, Bruno",1333,0-1,31895,"Maesschalck, Vincent",1645
17662,"Boustany, Georges",1547,1-0,26980,"Rojas Fernández, Álvaro",0
26988,"Grasis, Marks",0,0-1,98431,"Geerts, Steven",1476
20695,"Pirson, Francois",1370,½-½,17782,"Frere, Eugène",1403
22107,"Sieber, Sven",1349,1-0,27213,"El Korbi, Mohamed",0
24611,"Coomans, Anne-Catherine",0,0-1,25492,"Giannone, Angelo",0
97627,"Loes, Pierre",1305,1-0,25597,"Lhoist, Yolaine",0
76601,"Marchal, Patrice",1799,1-0,93599,"Grijp, Peter",1867
25749,"Vermoesen, Jordan",0,1-0,23402,"Ho, Sy Le",1615
24542,"Longfils, Damien",1366,½-½,22809,"Semal, Sebastien",1489
97702,"Lemoine, Christian",1512,0-1,43605,"Pitropakis, Kyriakos",1516
26134,"Buffo, Rinaldo",1374,½-½,60205,"Derzelle, Alessandro",1492
22035,"Toti, Guido",1356,0-1 FF,26136,"Chitishvili, Nino",1190
16892,"Van Bael, Amandine",1182,0-1,71684,"Russo, Italo",1327
93149,"D'Amico, Luciano",1283,0-1,24251,"Descamps, Iris",899
22688,"Couniot, Jacques",1647,1-0,63771,"Drossart, Julien",1507
67971,"Lepape, Philippe",1376,0-1,14956,"Bracq, Christian",1630
14963,"Bracq, Gregory",1568,0-1,26437,"Kouptchinsky, Christian",0
26439,"Kouptchinsky, Simon",0,0-1,50133,"Gravini, Edwin",1447
23960,"Amoroso, Thomas",1422,1-0,23177,"Mac Donough, Guillaume",0
62278,"Ruelens, Thierry",1371,½-½,25758,"Lopez Monedero, Jesus",0
23270,"Jacob, Raphaël",1219,1-0,70033,"Rorive, Alain",1224
73598,"Ragogna, Thierry",1059,0-1,23611,"Cascarano, Sandro",0
71455,"Coibion, Charles",2191,½-½,72583,"Corda, Thierry",1746
23126,"Houbben, Johnny",1422,0-1,27282,"Stefos, Stefanos",1807
27305,"De Groot, Frans",0,1-0,98434,"Arguelles, Jose",1337
24898,"Arguelles Sanchez, Jordi",0,0-1,26870,"Pironet, Quentin",0
99031,"Schleck, Victor",1595,0-1,27496,"Boissel, Kasimir",1803
23766,"Van Lochem, Alex",1651,1-0,14658,"Peters, Lucas",1267
18057,"Litt, Thibo",1163,0-1,22798,"Van Onckelen, Noam",1276
23838,"Toledo, Michael",0,1-0,17634,"Louvet, Dylan",0
26904,"Ali Ou Alla, Hassan",0,0-1,94072,"Sproten, Raphael",1635
12956,"Biegmann, Mirco",1181,1-0,26785,"Katalina, Jérémy",0
27003,"Marghem, Emile",0,0-1,18917,"Velz, Michael",0
26422,"Kelek, Mustafa",0,1-0,26882,"Kaiser, Simon",0
64416,"Desauw, Alfons",1468,½-½,62812,"De Ryck, Jacques",1417
24812,"Vanvlasselaer, Michael",0,0-1,18905,"Klinkenberg, Jan",1327
19463,"Pluymen, Karl-Heinz",1287,0-1,25916,"Benaissa, Mustapha",0
25139,"Rumler, Maxime",0,0-1,98744,"Hermens, Juergen",1169
20509,"Pham Kieu, Khanh",1292,0-1,8419,"Cornet, Luc",1785
37311,"Goenen, Ferhat",1737,1-0,19029,"Pinet, Valentine",1250
17772,"Heldenbergh, Izia",1150,0-1,22600,"Kshirsagar, Pranav",1666
24131,"Cakmak, Metehan Tugra",1429,1-0,20852,"Gou, Axelle",1003
65803,"Deprez, Tarcis",1546,½-½,27502,"Speybroeck, Eric",1685
6190,"Traest, Philip",1375,½-½,15171,"Withouck, Jonas",1201
21203,"Ravelingien, Emiel",0,0-1,24015,"Picqueur, Eric",1151
7102,"Vincent, Albert",1154,1-0,24585,"Demuenynck, Giordano",0
41629,"Van Vooren, Marc",1682,0-1,21873,"Denys, Alex",2159
31640,"Dezutter, Johan",1880,½-½,10626,"Van Damme, Patrick",1667
98226,"Haers, Luc",1407,½-½,12092,"Van Kerkhove, Piet",1704
2526,"Van Gompel, Hugo",1355,1-0,10228,"Neyt, Joris",1392
89508,"Ulenaers, Marc",1717,1-0,55468,"Meijfroidt, Bart",1610
22250,"Lenoir, Aurèle",1579,0-1,213,"Deblauwe, Pauwel",1684
5177,"Renckens, Yannick",1605,½-½,12629,"Lucas, Jean",1507
11793,"Vandenbussche, Dries",1321,1-0,54429,"Degrieck, Peter",1472
2984,"Penninck, Wim",1578,½-½,11712,"De Geeter, Arne",1526
8931,"Heyerick, Anton",1562,½-½,97150,"Ost, Roger",1552
22180,"Bekaert, Dylan",0,0-1,23622,"Van Stechelman, Stan",0
24903,"Van De Velde, Stijn",0,½-½,17482,"Desloovere, Peter",1434
17299,"Bartier, Wieland",1517,0-1,36811,"Bernaert, Michael",1794
36331,"Van Rillaer, Dirk",1599,0-1,12340,"Kim, Oleg",1483
19375,"Vannecke, Ben",1230,½-½,32247,"Suski, Dominiek",1498
58947,"De Meyere, Dirk",1527,1-0,27160,"Meyns, Alexander",0
39829,"Timmermans, Stefan",1819,0-1,49654,"Vervloet, Staf",1645
27243,"Geukens, Staf",1632,1-0,19131,"Hanssen, Casper",1359
23102,"Beckers, Seth",1327,1-0,37427,"Vlaeyens, Manu",1494
17527,"De Praitere, Hannes",1401,1-0,14691,"Boesmans, Peter",1299
19371,"Huybrechts, Kobe",1579,1-0,22025,"Lukin, Yesenia",1300
21853,"Seyns, Odilon",1161,1-0,20085,"Huybrechts, Martijn",1533
23420,"Laeremans, Domien",1507,0-1,22027,"Toroptsev, Kristian",1237
23564,"Van Heinsbergen, Jonathan",0,1-0,27043,"Sijben, Len",0
23203,"Coenen, Benjamin",1768,½-½,18038,"Ruelens, Arnout",1526
22613,"Van De Perre, Ides",0,½-½,94501,"Bair, Marc",1676
82384,"Heuschen, Roland",1660,1-0,26036,"Mareels Dutry, Jasper",0
27039,"Van Damme, Jasper",0,0-1,70521,"Sferruggia, Serge",1531
23194,"Smirnov, Sergey",1583,0-1,41076,"Stynen, Koen",2049
18004,"Demirel, Talha",0,0-1,17852,"Huysmans, Carsten",1203
19478,"Schouteden, Linda",1150,0-1,26022,"Willaert, Korneel",0
27271,"Elsen, Joël",0,0-1,24974,"Koninkx, Reinout",0
26095,"Ezzangui, Youssef",0,½-½,95001,"Willen, Ronny",1827
23773,"Lalkota, Sai Pranav Tejas",1363,1-0,72109,"Renard, Alain",1557
22673,"De Winter, Roman",1515,1-0,24231,"Lalkota, Naresh Kumar",1283
11993,"Harder, Cindy",1150,0-1,14915,"Lievens, Robert",1423
32352,"Van Hoof, Jan",1831,1-0,45675,"Foulon, Greta",1695
33146,"Van Eetvelde, Bart",1534,½-½,12667,"Kumpen, Jona",1714
19574,"Boatca, Luca",1571,1-0,41131,"Bruynseels, Roger",1356
19719,"Oudewaal, George",1100,0-1,13910,"Tips, Tibo",1417
19678,"Stroobant, Arne",1553,1-0,21997,"Roosen, Stefan",1688
19377,"Nguyen, Phuc Huy",1203,0-1,19469,"Surkol, Hector",1532
22388,"Geenen, Kobe",1391,1-0,27237,"Commeine, Maarten",0
27342,"Pelit, Mustafa",0,0-1,22496,"Cloots, Josse",0
14552,"Motmans, Matthias",1588,½-½,42749,"Geentjens, Pieter",1585
96491,"Van Steenwinckel, Hugo",1513,0-1,16762,"De Bie, Yannick",1382
25361,"Lippens, Tristan",0,0-1,50152,"Van Roy, Arno",1437
20157,"Van Bockland, Siebe",1134,1-0,25363,"Meylemans, Sander",0
21232,"Parssbai, Yanal",1475,½-½,27042,"Amartib, Yassin",0
25703,"De Groot, Teun",1479,½-½,14197,"Maas, Willem",1321
27104,"Turner, Caimen",0,0-1,24835,"Molenaar, Bram",1348
27056,"Biltjes, Miguel",0,1-0,23419,"Murali, Anushya",0
27278,"Duchesne, Marc",1717,1-0,12390,"Oliphant, Tim",1517
60220,"Meerschman, Maxime",1343,½-½,36447,"Van Der Vurst, Adriaan",1798
25257,"Mariën, Niels",1630,0-1,26892,"Dumovski, Nikola",0
26888,"Steyt, Antoine",0,1-0,16887,"Michiels, Lode",0
10415,"Harutyunyan, Axel",1959,1-0,13464,"Torfs, Gert",1579
53619,"Doossche, Carlo",1554,0-1,20829,"Gilson, Pacôme",1299
24637,"Shchetinin, Mykyta",0,0-1,31011,"Van Den Berge, Laurens",1469
54852,"Provoost, Benny",1416,0-1,26874,"Kho, Justin",0
46281,"Baete, Guy",1854,1-0,95604,"Weynen, John",1514
6050,"Moeyersons, Koenraad",1395,1-0,25585,"Szoke, Harry",1624
48968,"Jacobs, Paul",1604,1-0,12563,"Van Tendeloo, Maria",1150
18948,"Van Praet, Vik",0,0-1,30066,"De Cock, Cesar",1240
32298,"Theys, Bart",1885,0-1,25482,"Van Gestel, Jef",1542
24105,"Festraerts, Len",1390,1-0,21753,"Theys, Quinten",0
23909,"Li, Erik",0,0-1,21682,"Fleischeuer, Sebastian",0
20197,"Vanderveken, Antoon",0,1-0,24109,"Van Calster, Stan",0
52035,"Vanden Eede, Pascal",1578,1-0,26385,"Rojas Garcia, Pablo",0
24713,"Ertugrul, Yigit",1487,½-½,15394,"Vandenbroeck, Michel",1472
22870,"Goderis, Wim",1447,0-1,24386,"Tupikin, Viktor",1455
26659,"Tahini, Bilal",0,0-1,23882,"Jadoul, Maximilien",1314
21766,"Vermeer, Stef",1461,0-1,6769,"Dupont, Paul",1625
44911,"Coenen, Tom",1444,1-0,22736,"Boelaers, Louis",0
22609,"Vaes, Micah",0,0-1,24890,"Van Leuven, Jan",0
11592,"Huysmans, Pierre",1461,1-0,23603,"Vennekens, Sam",0
17899,"Möller, Maarten",1510,½-½,33618,"Baeten, Yves",1635
8788,"Cornelis, Werner",1293,0-1,25154,"Pattyn, Fjodor",0
27061,"Gestels, Jeff",0,½-½,28576,"Burgdorffer, Anton",1271
6891,"De Visser, Stefaan",1324,1-0,19957,"Morel, Louis",0
22760,"Minnaert, Bob",1327,½-½,11014,"De Niel, Michiel",1563
47333,"Cauwenberghs, Kenneth",1532,1-0,16549,"Vermeulen, Thijs",1242
24818,"Wauters, Fernand",0,0-1,24961,"Vilarnau, Enrique",1538
46582,"Elizalde, Alejandro",1471,1-0,16771,"Entwistle, Alan",1166
25441,"Manhaeve, Wouter",1542,1-0,10281,"Roose, Bernard",1332
24556,"Klimenko, Timur",1212,1-0,21992,"Tabsho, Hassan",1331
27179,"José, Rodrigo",0,1-0,20180,"Di Marcantonio, Tigo",0
22448,"Decraene, Eden",1025,½-½,22862,"Esprit, Kobe",0
50067,"Van Heddeghem, Klaas",1638,0-1,14415,"Vansteenhuyse, Rune",1685
76899,"Lambrecht, Patrick",1674,½-½,80748,"Dumont, Freddy",1639
49743,"Matthys, Johan",1592,0-1,27321,"Debaere, Thomas",0
27325,"Vanbeselaere, Victor",0,1-0,11922,"Smekens, Ann",1150
14199,"Buyse, Brent",1694,1-0,17620,"Beirnaert, Olivier",1464
22875,"Demuytere, Joppe",0,½-½,12824,"Vancoillie, Guido",1574
4316,"Vanassche, Renaat",1298,0-1,26567,"Oost, Bill",0
24702,"Priem, Korneel",0,0-1,17755,"Wydooghe, Diederik",1276
40193,"Rollez, Luc",1589,0-1,16118,"Bastien, Sidan",1358
16787,"Kaminskiy, Volodimyr",1308,½-½,13652,"De Bakker, Mathisse",1513
50205,"Van Haute, Dieter",0,1-0,16129,"Foulon, Thales",1254
15412,"Christiaens, Nyssa",1191,1-0,14948,"De Meerleer, Jeroen",1150
16624,"Renshofer, Tim",1783,1-0,15670,"Schalembier, Kylian",1490
23351,"Defour, Eline",1356,½-½,15863,"Coppens, Bart",1392
23861,"Geerts, Maarten",0,1-0,21612,"Meulemeester, Joran",0
26366,"Claerhout, Tieme",0,½-½,24740,"Breugelmans, Jan",1258
22984,"Lhoest, Lancelot",1704,½-½,65200,"Lebedelle, Julien",1677
16316,"Lepoutre, Florian",1449,½-½,24506,"Delesenne, Arthur",1649
23104,"Moledo Del Rio, Alejandro",1472,0-1,23528,"Vanhooren, Julien",1304
23050,"Mishra, Soham",0,0-1,25822,"Tahari, Youcef Nazim",0
17422,"Smeyers, Johan",1544,0-1,22016,"Lebeau, Raphaël",1493
13053,"Romboni, Charles",1478,1-0 FF,12750,"Laureys, Mats",1451
17614,"Vanrossum, Mathias",1431,½-½,24513,"Attout, Francois",1402
22066,"Demols, Nathan",1355,1-0,21572,"Geraerts, Jules",0
26668,"Wouters, Nick",0,1-0,99273,"D'Elia, Michele",1398
61778,"Mc Hale, André",1263,0-1,23384,"Heidingsfeld, Adam",1318
43346,"Van Der Voorde, Sonja",1373,1-0,24605,"Weck, Monique",0
19710,"Lopez Azanon, Amparo",0,0-1,26958,"Farkas, Viktor Maxim",1316
22702,"Cleuren, Thomas",1496,1-0,23075,"Pérez, Santiago",1642
23297,"Vandenberghe, Marc",1371,0-1,11006,"Rawoens, Jonas",1539
32409,"Vlaeminck, Frank",1423,0-1,26427,"Yapici, Ozan",0
26442,"Zorrilla Silva, Moises Alberto",0,0-1,39888,"De Clercq, Geert",1394
71081,"Knudde, Francis",1682,1-0,94935,"Chabeau, Patrice",1491
20799,"Wauters, Ladislas",1243,1-0,21533,"Montignie, Damien",1326
23727,"Desimpelaere, Christian",1225,½-½,24649,"Merchez, Cosmo",0
17730,"Bensafi, Mathias",1216,1-0,25014,"Assous, David",0
15665,"Ooms, Kylion",1425,0-1,19738,"Meert, Maarin",1330
16522,"Ongenae, Veerle",1272,1-0,19553,"Maes, Jasper",1150
27336,"Maes, Erwin",0,0-1,24147,"Ingels, Nick",1150
21168,"Meert, Senne",0,1-0,19860,"De Smet, Francis",0
13934,"Lauwers, Timo",1553,1-0,97868,"Koninckx, Eric",1556
82210,"Varlet, Daniel",1362,1-0,5703,"Jonckers, Marie-Jeanne",1397
19993,"Biesemans, Niel",1217,1-0,41793,"Marcus, Paul",1358
15676,"Souweine, Edwige",1227,0-1,16199,"Peeters, Jurre",916
68764,"Remon, Serge",1495,1-0,36005,"Vanherck, Jeroen",1574
25610,"Verspecht, Louis",0,½-½,46302,"Van Mol, Yves",1459
14019,"Simon, Fernand",1321,½-½,25614,"Martens, Aron",1312
20243,"Vanherck, Adinda",903,½-½,96343,"Travers, Sylvain",1325
22184,"Claessens, Dirk",1405,0-1,27304,"Ninane, Erwan",0
17413,"De Landtsheer, Jean-Michel",1467,0-1,96704,"Schatteman, Sven",1416
38156,"Evens, Joris",1388,0-1,23032,"Anckaert, Benjamin",1429
19507,"Rozas, Eitan",0,1-0,17254,"Van Steen, Guido",1380
2640,"Temmerman, Hans",1666,½-½,25049,"Vandenhove, Lucas",1381
23984,"Peeters, Rik",0,1-0,19627,"De Rycke, Georges",1385
38016,"Van Heghe, Isabelle",1150,0-1,24766,"Verplancke, Joost",0
26087,"Mallants, Jochen",0,1-0,20241,"Van Lierde, Rutger",0
25079,"Vanhove, Robbie",0,1-0,10248,"Clarys, Stefaan",1300
27245,"Czyzowicz, Pawel",0,½-½,48381,"Remijsen, Dave",1784
58424,"Berghs, Hilde",1564,1-0,24993,"Santschi, Samantha",0
19815,"Covens, Wim",957,0-1,3166,"De Cap, Jan",1411
29467,"Bunkens, Rudi",1673,½-½,16418,"Thiry, Victor",1186
24114,"Ooms, Lennert",0,0-1,52213,"Baekelandt, Els",1506
14517,"Deleu, Leen",1410,1-0,17812,"Eykens, Aaron",0
26019,"Verbruggen, Axl",0,0-1,14521,"Deleu, Karen",1357
24989,"Smeekens, Joppe",1395,1-0,44482,"Stuer, Hugo",1582
16222,"Wille, Geert",0,0-1,18081,"Celiktas, Kaan",1300
22987,"Tajsumov, Timour",0,0-1,25039,"De Bock, Jonas",0
20556,"Van Goethem, Jonas",1204,1-0,22840,"Heyndels, Tuur",1081
15856,"Pouliart, Sander",1465,1-0,21615,"Van Vlierberghe, Matthew-Vincent",1202
21767,"Spinazzola, Matteo",1067,½-½,13436,"Manders, Anton",0
11946,"Arakelyan, Narek",1357,1-0,25019,"Stes, Stella",0
21588,"Potums, Loïc",0,0-1,24960,"Van Dromme, Alex",0
24597,"Ducaert, Frederik",1643,0-1,22695,"Pereira Garza, Cecilia",1482
47155,"Bosmans, Mark",1506,0-1,54917,"Verlinden, Patrick",1600
25611,"Chorosinski, Daniel",0,½-½,24950,"De Corel, Otis",0
25728,"Deflem, Stig",0,1-0,27260,"Van Hoof, Wilfried",1629
24867,"Van Orden, Danny",1349,0-1,98797,"De Swert, Heidi",1407
11611,"Lauwers, Rudi",1395,½-½,50295,"Van Dosselaer, Mattias",1397
13172,"Verbruggen, David",1238,0-1,32221,"Vancoppenolle, Ghislain",1395
53180,"Durieux, Frank",1361,0-1,27019,"Van Vosselen, Cedric",0
13618,"Kumpen, Kurt",1498,0-1,1848,"Dooms, Stefan",1906
13421,"Bedert, Bernard",1551,1-0,20487,"Pribylla, Amélia",1302
21037,"Schijns, Matz",1276,0-1,23045,"Ausloos, Ruben",1436
23863,"Franssens, Dario",1251,0-1,19839,"Steeno, Matz",1206
14530,"Snyers, Antoine",1640,1-0,29301,"Grillmaier, Philippe",1867
26039,"Vincken, Dimaryk",1712,0-1,11995,"Hendrickx, Wim",1500
73393,"Oostenbach, Ronny",1436,0-1,26081,"Nijs, Lucas",0
26075,"Wéry, Jean-Luc",0,0-1,21290,"Luxem, Kim",1373
19884,"Jacques, Maxime",0,0-1,97802,"Scheen, Pascal",1317
23839,"Frenzel, Qorianka",1192,1-0,26517,"Laureyn, Nicolas",0
26973,"Rienckens, Romain",0,1-0,27373,"Tokoglu, Ata Can",0
18699,"Wertz, William",0,0-1,27387,"Hauregard, Basile",0
19242,"Lecocq, Arthur",0,1-0,43885,"Venken, Kenneth",1761
43214,"Segers, Jan",1631,0-1,23764,"Van Lochem, David",1355
15462,"Louppe, Patrice",1334,0-1,29351,"Schols, Geri",1581
12268,"Corstjens, André",1251,1-0,26961,"Boitte, Julien",0
53881,"Renkens, Stef",1600,1-0,63274,"Fox, Pierre",1657
26470,"Walrant, Toan",0,1-0,15584,"Beddegenoodts, Marc",1196
10882,"De Keyser, Eric",1150,0-1,25644,"Martin, Julien",0
27136,"Marion, Luca",0,0-1,21584,"Sallahi, Floid",0
21597,"Morard, Basile",1324,0-1,70378,"Sauvage, Eric",1965
81833,"Morgenthal, Renaud",1427,0-1,23310,"Georges, Simon",1206
83411,"Pollet, Charles",1186,1-0,63762,"Pitz, Luc",1378
83224,"Marchal, Georges",1280,½-½,22363,"Pollet, Maxime",1147
45900,"Vandekerckhove, Ava",1697,½-½,11876,"Claeys, Robin",1770
11462,"Jalalijam, Amir",1423,1-0,25170,"Van Der Paelt, Thomas",0
47376,"Verselder, Franky",1420,1-0,12160,"Langie, Jeroen",1460
10306,"Claeys, Elisabeth",1448,1-0,19865,"Kindts, Christelle",876
21460,"Steijn, Sjaak",1767,1-0,17122,"Vertongen, Jack",1350
16208,"Vagenende, Lars",1191,0-1,53449,"Van Steenkiste, Luc",1717
21857,"Dhuyvetter, Koen",1716,0-1,16261,"Coorevits, Arthur",1151
23853,"Duthoi, Mattijs",0,0-1,16971,"Karlioglu, Boran",1704
23901,"Declerck, Darrin",0,1-0,5789,"Van Hamme, Remco",1566
40061,"Vander Zwalmen, Miranda",1521,0-1,21109,"Ip, Tobias",1325
21144,"Coolens, Briek",0,0-1,18048,"Van Den Berghe, Bart",1554
22014,"Ingelbert, Wout",1294,1-0,25559,"De Feyter, Aaron",0
26948,"De Vogelaere, Bart",1706,½-½,50504,"Vanlooy, Noel",1708
8397,"D'Hooge, Frank",1667,1-0,23012,"Flikweert, Henry",1638
23150,"Declercq De Caigny, Finn",1419,1-0,13905,"Ruyssinck, Joeri",1531
27346,"Hooft, Lucas",0,1-0,23708,"Liveyns, Antje",955
23375,"Wilmotte, Frederik",1410,1-0,19833,"Burssens, Guy",1401
25374,"Vanthournout, Arnaud",0,1-0,15524,"Decraene, Merlijn",1273
26825,"Wilmotte, Ward",0,½-½,22074,"Claproth, Mels",0
19427,"Beuseling, Oskar",0,0-1,21147,"De Roeck, Sean",0
2518,"Ponnet, Dirk",1715,½-½,26654,"Willems, Chris",1801
14564,"Debucke, Ruben",1242,1-0,28762,"Schröer, Charlotte",1595
20055,"Van Lierde, Carl",1506,1-0,22071,"De Scheemacker, Peter",1318
17792,"Meynen, Mathisse",0,1-0,23307,"Volckaert, Jesse",0
25207,"Wuyts, Seppe",0,1-0,23368,"De Vooght, Jamie",1634
98783,"Devis, Wim",1616,1-0,12602,"Van Daele, Dave",1389
23435,"Zjuravlyov, Maximilian",0,1-0,2925,"Van Landeghem, Gunther",1429
23387,"Sips, Arno",1437,1-0,25225,"Seresia, Nathan",0
53252,"Roels, Arne",1544,½-½,15632,"Brys, Yves",1426
62316,"De Vriendt, Augustin",1361,0-1,44563,"Tuytens, Ivo",1635
23918,"Dreezen, Thomas",1528,0-1,23725,"Van Uytvange, Jonas",1413
15620,"Brys, Kristof",1277,1-0,23329,"Hanssen, Paul",1522
15683,"Chu, Waishing",1569,1-0,48313,"Vanstraelen, Geert",1864
48984,"Blommaert, Robin",1643,1-0,14303,"Vander Voort, Patrick",1425
21499,"Chhawchharia, Kahaan",1027,0-1 FF,15695,"Verrijdt, Willem",1765
20037,"De Maeyer, Kurt",1505,1-0 FF,24817,"Chen, Rongqi",0
21017,"Peeters, Stefan",0,0-1,25774,"Kembhavi, Vihaan",1280
26594,"Parikh, Aditya",0,0-1,16559,"Peeters, Yumi",1224
19773,"Londers, Tuur",1332,1-0,24312,"Kumar, Akil Ganesh",0
26479,"Amadi, Iegor",0,0-1,17594,"Peeters, Paul",1150
14577,"Oloeriu, Calin",1687,½-½,26795,"Vaerendonck, Jesse",0
12955,"Covents, Maarten",1442,1-0,15125,"Oloeriu, Bogdan Marian",1316
17164,"Vandermeersch, Victor",1237,1-0,24656,"Guven, Furkan",0
26806,"De Landtsheer, Nils-Oscar",0,1-0,16812,"Oloeriu, Cezar",1150
16181,"Dorcas, Carlos",1672,½-½,47741,"Van Den Heuvel, Philip",1516
12187,"De Smet, Ruben",1255,1-0,52710,"De Vriendt, Gilbert",1648
23512,"De Coninck, Rune",1498,1-0,13427,"D'Heer, Matthias",1169
26968,"Haazen, Patrick",0,½-½,15767,"Van Hove, David",1353
26304,"Bodnar, Milan",0,0-1,26501,"Vasylchenko, Maksym",1435
24522,"Ben Yahmed, Amine",0,½-½,24289,"Sanchez Pes, Pablo",1125
24681,"Ramon, Gabriel",0,1-0,26382,"Koteki, Parthena Rengina",0
24264,"Qu, Fei",0,1-0,24636,"Sanchez Pes, Enrique",0
34533,"De Vet, Sylvin",1544,½-½,23765,"Vandevelde, Aron",1225
26940,"Van Beurden, Hanne",0,0-1,17988,"Raeymaekers, Timon",1251
26457,"Biçakçi, Yigit",0,1-0,26426,"Florizoone, Oskar Andrés",0
24944,"Schoors, Toon",0,1-0,24896,"Grossen, Jelle",1086
28878,"Caramalau, Adina",1629,½-½,99178,"Debelie, Geert",1624
19889,"Ghisa, Robert",1242,½-½,10204,"Lequesne, Annie",1331
19687,"Wittevrouw, Tom",1355,½-½,12640,"Verschueren, Dirk",1289
54356,"Borbas, Gabor",1299,1-0,19644,"Sarens, Leon",1205
97721,"Lacroix, Bruno",2139,1-0,35891,"Inghelbrecht, Veronique",1447
3794,"Van Den Abeele, Veerle",1368,0-1,43036,"Jourdain, Jean-François",1897
24690,"Corluy, Gregoire",1759,1-0,32557,"Klijsen, Yvonne",1236
16100,"De Caluwé, Gerard",1172,0-1,12208,"Servais, Frédéric",1741
78697,"Frederiksen, Jens",1557,0-1,26770,"Pollaris, Arnaud",0
26880,"Silva, Federico",0,0-1,75671,"Peeters, Simonne",1570
26061,"Elbarbari, Mahmoud",0,½-½,16981,"Boshra, Sosanna",1367
24810,"Tersmette, Alexander",0,½-½,26927,"Bonfils, Liam",0
18148,"Liman, Âlim",1574,½-½,14766,"Palazoski, Elvir",1557
87611,"Nica, Radu-Catalin",1497,0-1,25727,"Willocx Vandeven, Bob",0
26885,"Bolhov, Ivan",0,0-1,19568,"Ahmet, Gabriel",1342
19571,"Ahmet, Aylin",1054,0-1,26622,"Thielemans, Alexandr",0
94561,"Tossens, Alain",1730,1-0,97504,"Mangini, Giovanni",1662
23295,"Foucart, Olivier",1301,0-1,27048,"Anthonissens, Thibault",0
23227,"Wery, Vincent",0,0-1,98654,"Druart, Christophe",1189
79065,"Leroy, Sylvain",1182,1-0,21360,"George, Lucas",0
11266,"Geussens, Patrick",1474,1-0,95826,"Rampelbergh, Wilfrid",1575
24499,"Houzé, Sylvain",1321,½-½,3841,"Van Den Bergh, Luc",1541
25384,"Proost, Benn",0,1-0,98517,"Fervaille, Philippe",1294
26925,"Brusselaers, Xavier",0,0-1,26899,"Toelen, Daan",0
26384,"Vanneste, Damien",0,0-1,60098,"Costa, Serge",1941
61948,"Russo, Bruno",1833,1-0,21535,"Taquet, Gabin",1306
25686,"Hardenne, Esteban",0,0-1,22957,"Letoret, Tim",1551
23285,"Molitor, Milo",1443,1-0,22469,"Swertvaegher, Milan",1306
77381,"Albert, Julien",1712,1-0,97782,"Laret, Jean",1511
60673,"Kellner, Yohan",1468,½-½,99966,"Alary, Philippe",1446
26962,"Vinsous, Roman",0,1-0,60174,"Jamar, Marc",1428
16854,"Alcamisi, Charles",1360,1-0,26971,"Riche, Hugo",0
22992,"Fattorutto, Hugo",1408,0-1,12104,"Lejeune, Raphael",1318
24669,"Romero Flores, Jose Miguel",1249,½-½,25111,"Fourrez, Nicolas",1515
83127,"Wiot, Philippe",1365,1-0,24145,"Dormoy, Adam",0
26775,"Cocomazzi, Mathias",0,0-1,20519,"Beghin, Philippe",1448
84735,"Decellier, Patrick",1727,1-0,23021,"Dehoux, Cédric",1446
63371,"Dejasse, Daniel",1412,½-½,22762,"Jonniaux, Bastien",1654
16858,"Belin, David",1469,1-0,17756,"Callewaert, Damien",1412
23997,"Dehoux, Frédéric",1232,½-½,27198,"Blois, Dominique",1302
